Carrera,Año_de_Cursada,Codigo_Materia,Materia,Docente,Tipo_Clase,Dia,Hora_Inicio,Hora_Fin,Aula_Sede
Lic. en Fonoaudiología,1er Año,811,Ontología del Lenguaje y la Comunicación Humana,Javier Cabrera Grosso,Teo-Prac,Lunes,17:00,20:00,-
Lic. en Fonoaudiología,1er Año,812,Fundamentos de la Fonoaudiología,"Cáceres, Milva Gisela",Teo-Prac,Martes,17:30,20:30,-
Lic. en Fonoaudiología,1er Año,813,Epistemología,Martín Zolkower,Teórico,Miércoles,16:00,18:00,-
Lic. en Fonoaudiología,1er Año,813,Epistemología,Martín Zolkower,Práctico,Miércoles,14:00,16:00,-
Lic. en Fonoaudiología,1er Año,813,Epistemología,Martín Zolkower,Práctico,Miércoles,18:00,20:00,-
Lic. en Fonoaudiología,1er Año,814,Anatomofisiología Fonoaudiológica,Malvina Rocío Castillo,Teórico,Jueves,15:00,17:00,-
Lic. en Fonoaudiología,1er Año,814,Anatomofisiología Fonoaudiológica,Malvina Rocío Castillo,Práctico,Jueves,13:00,15:00,-
Lic. en Fonoaudiología,1er Año,814,Anatomofisiología Fonoaudiológica,Malvina Rocío Castillo,Práctico,Jueves,17:00,19:00,-
Lic. en Fonoaudiología,1er Año,815,Acústica,Disipio Laureano,Teo-Prac,Jueves,19:00,22:00,-
Lic. en Fonoaudiología,1er Año,223,Introducción a la Psicología,Fischquin Roxana,Teórico,Viernes,10:00,12:00,Aula 1
Lic. en Fonoaudiología,1er Año,223,Introducción a la Psicología,Fischquin Roxana,Teórico,Viernes,16:00,18:00,Aula 1
Lic. en Fonoaudiología,1er Año,223,Introducción a la Psicología,Fischquin Roxana,Práctico,Viernes,08:00,10:00,Aula 2 / 3
Lic. en Fonoaudiología,1er Año,223,Introducción a la Psicología,Fischquin Roxana,Práctico,Viernes,12:00,14:00,Aula 2 / 3
Lic. en Fonoaudiología,1er Año,223,Introducción a la Psicología,Fischquin Roxana,Práctico,Viernes,18:00,20:00,Aula 2 / 3
Lic. en Fonoaudiología,1er Año,-,Lingüística,-,Teórico,Lunes,12:00,14:00,Aula 1
Lic. en Fonoaudiología,1er Año,-,Lingüística,-,Teórico,Lunes,14:00,16:00,Aula 1
Lic. en Fonoaudiología,1er Año,-,Lingüística,-,Práctico,Lunes,09:00,11:00,Aula 11
Lic. en Fonoaudiología,1er Año,-,Lingüística,-,Práctico,Lunes,14:00,16:00,Aula 4
Lic. en Fonoaudiología,1er Año,-,Lingüística,-,Práctico,Lunes,16:00,18:00,Aula 8
Lic. en Fonoaudiología,1er Año,-,Lingüística,-,Práctico,Viernes,09:00,11:00,Aula 4
Lic. en Fonoaudiología,1er Año,-,Lingüística,-,Práctico,Viernes,18:00,20:00,Aula 4
Lic. en Fonoaudiología,1er Año,-,Sociología,-,Teórico,Martes,16:00,18:00,Aula 1
Lic. en Fonoaudiología,1er Año,-,Sociología,-,Práctico,Martes,14:00,16:00,Aula 1 / 12
Lic. en Fonoaudiología,1er Año,-,Sociología,-,Práctico,Martes,18:00,20:00,Aula 1
Lic. en Fonoaudiología,1er Año,-,Introducción a la Filosofía,-,Teórico,Miércoles,10:00,12:00,Aula 1
Lic. en Fonoaudiología,1er Año,-,Introducción a la Filosofía,-,Teórico,Miércoles,16:00,18:00,Aula 1
Lic. en Fonoaudiología,1er Año,-,Introducción a la Filosofía,-,Práctico,Miércoles,08:00,10:00,Aula 12 / 13
Lic. en Fonoaudiología,1er Año,-,Introducción a la Filosofía,-,Práctico,Miércoles,12:00,14:00,Aula 12 / 13
Lic. en Fonoaudiología,1er Año,-,Introducción a la Filosofía,-,Práctico,Miércoles,14:00,16:00,Aula 11 / 12
Lic. en Fonoaudiología,1er Año,-,Introducción a la Filosofía,-,Práctico,Miércoles,18:00,20:00,Aula 12 / 13
Lic. en Fonoaudiología,2do Año,821,Procesos Lingüísticos y Comunicación,"Cesanelli, María Silvia",Teo-Prac,Martes,17:00,21:00,-
Lic. en Fonoaudiología,2do Año,822,Función Fonatoria y Comunicación,Agustina García Arribas,Teo-Prac,Martes,14:00,17:00,-
Lic. en Fonoaudiología,2do Año,823,Teorías de la Comunicación,"Zubia, Gonzalo Federico",Teo-Prac,Jueves,13:00,16:00,-
Lic. en Fonoaudiología,2do Año,824,Audiología y Comunicación,Cittadino Karina,Teo-Prac,Lunes,13:00,17:00,-
Lic. en Fonoaudiología,2do Año,825,Desarrollo de la Función Oral Faríngea,Gisele Prado,Teórico,Viernes,14:30,16:30,Aula 12
Lic. en Fonoaudiología,2do Año,825,Desarrollo de la Función Oral Faríngea,Gisele Prado,Práctico,Viernes,16:30,18:30,Aula 12
Lic. en Fonoaudiología,2do Año,826,Fonética y Fonología,"Gaona, Melina",Teórico,Miércoles,16:00,18:00,-
Lic. en Fonoaudiología,2do Año,826,Fonética y Fonología,"Gaona, Melina",Práctico,Miércoles,18:00,20:00,-
Lic. en Fonoaudiología,2do Año,-,Metodología de la Investigación,-,Teórico,Miércoles,16:00,18:00,Aula 7
Lic. en Fonoaudiología,2do Año,-,Metodología de la Investigación,-,Práctico,Miércoles,18:00,20:00,Aula 1 / 7
Lic. en Fonoaudiología,2do Año,-,Acciones y Prácticas en Audiología,-,Teo-Prac,Lunes,13:00,17:00,Aula 14
Lic. en Fonoaudiología,2do Año,-,Teorías de la Cultura y Antropologías,-,Teórico,Jueves,08:00,10:00,Aula 1
Lic. en Fonoaudiología,2do Año,-,Teorías de la Cultura y Antropologías,-,Teórico,Jueves,16:00,18:00,Aula 7
Lic. en Fonoaudiología,2do Año,-,Teorías de la Cultura y Antropologías,-,Práctico,Jueves,10:00,12:00,Aula 7 / 12
Lic. en Fonoaudiología,2do Año,-,Teorías de la Cultura y Antropologías,-,Práctico,Jueves,14:00,16:00,Aula 8 / 10
Lic. en Fonoaudiología,2do Año,-,Teorías de la Cultura y Antropologías,-,Práctico,Jueves,18:00,20:00,Aula 9
Lic. en Fonoaudiología,3er Año,512,Salud Fonatoria,Elvira Estefanía,Teo-Prac,Jueves,14:00,18:00,Aula 5
Lic. en Fonoaudiología,3er Año,532,Lenguaje Infantil e Intervención Fonoaudiológica,Gabriela Andrea Yrala,Teo-Prac,Viernes,13:00,17:00,Aula 5
Lic. en Fonoaudiología,3er Año,523,Abordaje Terapéutico del Sistema Vestibular,Terreros Ariza Claudia,Teo-Prac,Lunes,14:00,17:00,-
Lic. en Fonoaudiología,3er Año,253,Salud Colectiva,Michelli Virginia,Teórico,Martes,16:00,18:00,Aula 14
Lic. en Fonoaudiología,3er Año,253,Salud Colectiva,Michelli Virginia,Práctico,Martes,14:00,16:00,Aula 14
Lic. en Fonoaudiología,3er Año,253,Salud Colectiva,Michelli Virginia,Práctico,Martes,18:00,20:00,Aula 2 / 4 / 11
Lic. en Fonoaudiología,3er Año,831,Análisis de la Estructura Social Argentina,Sala Juan Bautista,Teórico,Miércoles,16:00,18:00,-
Lic. en Fonoaudiología,3er Año,831,Análisis de la Estructura Social Argentina,Sala Juan Bautista,Práctico,Miércoles,18:00,20:00,-
Lic. en Fonoaudiología,3er Año,244,Teoría y Práctica de la Educación,Asprella Gabriel,Teórico,Martes,11:00,13:00,Aula 12
Lic. en Fonoaudiología,3er Año,244,Teoría y Práctica de la Educación,Asprella Gabriel,Teórico,Martes,14:00,16:00,Aula 13
Lic. en Fonoaudiología,3er Año,244,Teoría y Práctica de la Educación,Asprella Gabriel,Práctico,Martes,13:00,15:00,Aula 2 / 11
Lic. en Fonoaudiología,3er Año,244,Teoría y Práctica de la Educación,Asprella Gabriel,Práctico,Martes,16:00,18:00,Aula 2 / 13
Lic. en Fonoaudiología,3er Año,244,Teoría y Práctica de la Educación,Asprella Gabriel,Práctico,Martes,18:00,20:00,Aula 9
Lic. en Fonoaudiología,3er Año,-,"Fonoaudiología, DDHH y Género",-,Teórico,Jueves,16:00,18:00,Aula 14
Lic. en Fonoaudiología,3er Año,-,"Fonoaudiología, DDHH y Género",-,Práctico,Jueves,18:00,20:00,Aula 5 / 7
Lic. en Fonoaudiología,3er Año,-,Promoción y Prevención en Audiología,-,Teo-Prac,Lunes,14:00,17:00,Aula 11
Lic. en Fonoaudiología,3er Año,-,Psicología del Desarrollo y la Subjetividad,-,Teórico,Miércoles,16:00,18:00,Aula 5
Lic. en Fonoaudiología,3er Año,-,Psicología del Desarrollo y la Subjetividad,-,Práctico,Miércoles,14:00,16:00,Aula 2 / 10
Lic. en Fonoaudiología,3er Año,-,Psicología del Desarrollo y la Subjetividad,-,Práctico,Miércoles,18:00,20:00,Aula 5
Lic. en Fonoaudiología,3er Año,-,Taller de Metodología I,-,Teo-Prac,Jueves,12:30,16:00,Aula 7
Lic. en Fonoaudiología,3er Año,-,Taller de Metodología I,-,Taller,Lunes,18:00,20:00,Virtual
Lic. en Fonoaudiología,4to Año,841,Campos de Intervención Prof. - Práctica Integral,Bulich Maria Alejandra,Teórico,Miércoles,14:00,16:00,-
Lic. en Fonoaudiología,4to Año,841,Campos de Intervención Prof. - Práctica Integral,Bulich Maria Alejandra,Taller,Miércoles,16:00,18:00,-
Lic. en Fonoaudiología,4to Año,842,Voz y Habla en la Comunicación y el Trabajo,Paoletti Josefina,Teórico,Martes,14:30,17:30,-
Lic. en Fonoaudiología,4to Año,842,Voz y Habla en la Comunicación y el Trabajo,Paoletti Josefina,Práctico,Martes,14:30,17:30,-
Lic. en Fonoaudiología,4to Año,843,Política Social,Mariana Abadie,Teórico,Jueves,17:00,19:00,-
Lic. en Fonoaudiología,4to Año,843,Política Social,Mariana Abadie,Práctico,Jueves,19:00,21:00,-
Lic. en Fonoaudiología,4to Año,844,Fonoaudiología en Ámbitos Educativos,Perilli Valeria,Teo-Prac,Lunes,13:00,17:00,-
Lic. en Fonoaudiología,4to Año,845,Fonoaudiología en Perspectiva Comunitaria,Fuks Ana,Teo-Prac,Martes,17:30,20:30,-
Lic. en Fonoaudiología,4to Año,-,Fonoaudiología en Gestión y Políticas Públicas,-,Teo-Prac,Martes,17:30,19:30,Aula 5
Lic. en Fonoaudiología,4to Año,-,Fonoaudiología en Gestión y Políticas Públicas,-,Práctico,Martes,19:30,21:30,Aula 5
Lic. en Fonoaudiología,4to Año,-,Intervención de la Deglución en Población Adulta,-,Teo-Prac,Jueves,14:00,17:00,Aula 12
Lic. en Fonoaudiología,4to Año,-,Gestión y Políticas Públicas,-,Teo-Prac,Lunes,16:00,18:00,Aula 13
Lic. en Fonoaudiología,4to Año,-,Gestión y Políticas Públicas,-,Teo-Prac,Lunes,18:00,20:00,Aula 11 / 13
Lic. en Fonoaudiología,4to Año,-,Taller de Metodología II,-,Teo-Prac,Viernes,17:00,21:00,Aula 7
Lic. en Fonoaudiología,5to Año,852,TIF (Lic. Fonoaudiología),"Larocca, Daniela",Teo-Prac,Miércoles,16:00,19:00,-
Lic. en Trabajo Social,1er Año,-,Configuración de Problemas Sociales,-,Teórico,Jueves,12:00,14:00,Aula 4
Lic. en Trabajo Social,1er Año,-,Configuración de Problemas Sociales,-,Teórico,Jueves,16:00,18:00,Aula 4
Lic. en Trabajo Social,1er Año,-,Configuración de Problemas Sociales,-,Práctico,Jueves,10:00,12:00,Aula 2 / 3 / 4 / 5
Lic. en Trabajo Social,1er Año,-,Configuración de Problemas Sociales,-,Práctico,Jueves,14:00,16:00,Aula 2
Lic. en Trabajo Social,1er Año,-,Configuración de Problemas Sociales,-,Práctico,Jueves,18:00,20:00,Aula 4
Lic. en Trabajo Social,1er Año,-,Introducción a la Filosofía,-,Teórico,Miércoles,10:00,12:00,Aula 1
Lic. en Trabajo Social,1er Año,-,Introducción a la Filosofía,-,Teórico,Miércoles,16:00,18:00,Aula 1
Lic. en Trabajo Social,1er Año,-,Introducción a la Filosofía,-,Práctico,Miércoles,08:00,10:00,Aula 12 / 13
Lic. en Trabajo Social,1er Año,-,Introducción a la Filosofía,-,Práctico,Miércoles,12:00,14:00,Aula 12 / 13
Lic. en Trabajo Social,1er Año,-,Introducción a la Filosofía,-,Práctico,Miércoles,14:00,16:00,Aula 11 / 12
Lic. en Trabajo Social,1er Año,-,Introducción a la Filosofía,-,Práctico,Miércoles,18:00,20:00,Aula 12 / 13
Lic. en Trabajo Social,2do Año,-,Teorías de la Cultura y Antropologías,-,Teórico,Jueves,08:00,10:00,Aula 1
Lic. en Trabajo Social,2do Año,-,Teorías de la Cultura y Antropologías,-,Teórico,Jueves,16:00,18:00,Aula 14
Lic. en Trabajo Social,2do Año,-,Teorías de la Cultura y Antropologías,-,Práctico,Jueves,10:00,13:00,Aula 9 / 11
Lic. en Trabajo Social,2do Año,-,Teorías de la Cultura y Antropologías,-,Práctico,Jueves,18:00,21:00,Aula 11
Lic. en Trabajo Social,2do Año,-,Introducción a la Psicología,-,Teórico,Viernes,10:00,12:00,Aula 1
Lic. en Trabajo Social,2do Año,-,Introducción a la Psicología,-,Teórico,Viernes,16:00,18:00,Aula 1
Lic. en Trabajo Social,2do Año,-,Introducción a la Psicología,-,Práctico,Viernes,08:00,10:00,Aula 2 / 3
Lic. en Trabajo Social,2do Año,-,Introducción a la Psicología,-,Práctico,Viernes,12:00,14:00,Aula 2 / 3
Lic. en Trabajo Social,2do Año,-,Introducción a la Psicología,-,Práctico,Viernes,18:00,20:00,Aula 2 / 3
Lic. en Trabajo Social,2do Año,-,Teoría del Estado,-,Teórico,Jueves,08:00,10:00,Aula 3
Lic. en Trabajo Social,2do Año,-,Teoría del Estado,-,Teórico,Jueves,16:00,18:00,Aula 3
Lic. en Trabajo Social,2do Año,-,Teoría del Estado,-,Práctico,Jueves,10:00,12:00,Aula 10
Lic. en Trabajo Social,2do Año,-,Teoría del Estado,-,Práctico,Jueves,18:00,20:00,Aula 3
Lic. en Trabajo Social,2do Año,-,Economía Política,-,Teórico,Miércoles,08:00,10:00,Aula 5
Lic. en Trabajo Social,2do Año,-,Economía Política,-,Teórico,Miércoles,18:00,20:00,Aula 2
Lic. en Trabajo Social,2do Año,-,Economía Política,-,Práctico,Miércoles,10:00,12:00,Aula 5 / 8
Lic. en Trabajo Social,2do Año,-,Economía Política,-,Práctico,Miércoles,16:00,18:00,Aula 2
Lic. en Trabajo Social,3er Año,-,Trabajo Social y Sujetos Colectivos,-,Teórico,Miércoles,10:00,12:00,Aula 4
Lic. en Trabajo Social,3er Año,-,Trabajo Social y Sujetos Colectivos,-,Teórico,Miércoles,16:00,18:00,Aula 4
Lic. en Trabajo Social,3er Año,-,Trabajo Social y Sujetos Colectivos,-,Práctico,Miércoles,12:00,14:00,Aula 4
Lic. en Trabajo Social,3er Año,-,Trabajo Social y Sujetos Colectivos,-,Práctico,Miércoles,18:00,20:00,Aula 4
Lic. en Trabajo Social,3er Año,-,Investigación Social II,-,Taller Escritura,Miércoles,08:00,10:00,Aula 3 / 4
Lic. en Trabajo Social,3er Año,-,Investigación Social II,-,Taller Escritura,Miércoles,14:00,16:00,Aula 3
Lic. en Trabajo Social,3er Año,-,Investigación Social II,-,Taller Escritura,Miércoles,18:00,20:00,Aula 9
Lic. en Trabajo Social,3er Año,-,Investigación Social II,-,Taller Lectura,Miércoles,10:00,12:00,Aula 3
Lic. en Trabajo Social,3er Año,-,Investigación Social II,-,Taller Lectura,Miércoles,16:00,18:00,Aula 3
Lic. en Trabajo Social,3er Año,-,Investigación Social II,-,Taller Invest.,Viernes,08:00,10:00,Virtual
Lic. en Trabajo Social,3er Año,-,Investigación Social II,-,Taller Invest.,Viernes,20:00,22:00,Virtual
Lic. en Trabajo Social,4to Año,-,Psicología del Desarrollo y la Subjetividad,-,Teórico,Miércoles,10:00,12:00,Aula 5 (TS)
Lic. en Trabajo Social,4to Año,-,Psicología del Desarrollo y la Subjetividad,-,Teórico,Miércoles,16:00,18:00,Aula 10
Lic. en Trabajo Social,4to Año,-,Psicología del Desarrollo y la Subjetividad,-,Práctico,Miércoles,08:00,10:00,Aula 2
Lic. en Trabajo Social,4to Año,-,Psicología del Desarrollo y la Subjetividad,-,Práctico,Miércoles,14:00,16:00,Aula 5
Lic. en Trabajo Social,4to Año,-,Teoría y Práctica de la Educación,-,Teórico,Martes,11:00,13:00,Aula 12
Lic. en Trabajo Social,4to Año,-,Teoría y Práctica de la Educación,-,Teórico,Martes,14:00,16:00,Aula 13
Lic. en Trabajo Social,4to Año,-,Teoría y Práctica de la Educación,-,Práctico,Martes,13:00,15:00,Aula 2 / 11
Lic. en Trabajo Social,4to Año,-,Teoría y Práctica de la Educación,-,Práctico,Martes,16:00,18:00,Aula 2 / 13
Lic. en Trabajo Social,4to Año,-,Teoría y Práctica de la Educación,-,Práctico,Martes,18:00,20:00,Aula 9
Lic. en Trabajo Social,4to Año,-,"Derecho de Infancia, Familia y Cuestión Penal",-,Teórico,Miércoles,08:00,10:00,Aula 10
Lic. en Trabajo Social,4to Año,-,"Derecho de Infancia, Familia y Cuestión Penal",-,Teórico,Miércoles,18:00,20:00,Aula 14
Lic. en Trabajo Social,4to Año,-,"Derecho de Infancia, Familia y Cuestión Penal",-,Práctico,Miércoles,10:00,12:00,Aula 10 / 11
Lic. en Trabajo Social,4to Año,-,"Derecho de Infancia, Familia y Cuestión Penal",-,Práctico,Miércoles,16:00,18:00,Aula 9 / 12
Lic. en Trabajo Social,4to Año,-,Salud Colectiva,-,Teórico,Martes,16:00,18:00,Aula 14
Lic. en Trabajo Social,4to Año,-,Salud Colectiva,-,Práctico,Martes,14:00,16:00,Aula 14
Lic. en Trabajo Social,4to Año,-,Salud Colectiva,-,Práctico,Martes,18:00,20:00,Aula 2 / 4 / 11
Lic. en Trabajo Social,5to Año,-,Debate Contemporáneo en Trabajo Social,-,Teo-Prac,Martes,08:00,11:00,Aula 11
Lic. en Trabajo Social,5to Año,-,Debate Contemporáneo en Trabajo Social,-,Teo-Prac,Martes,16:00,19:00,Aula 10
Lic. en Trabajo Social,5to Año,-,Filosofía Social,-,Teo-Prac,Lunes,10:00,14:00,Aula 4
Lic. en Trabajo Social,5to Año,-,Filosofía Social,-,Teo-Prac,Lunes,16:00,20:00,Aula 4
Profesorado en Trabajo Social,1er Año,-,Perspectivas de Género en la Intervención Prof.,-,Teo-Prac,Lunes,18:00,21:00,Virtual
Profesorado en Trabajo Social,2do Año,-,Didáctica de las Ciencias Sociales,-,Teórico,Jueves,18:00,20:00,Aula Postgrado
Profesorado en Trabajo Social,2do Año,-,Didáctica de las Ciencias Sociales,-,Práctico,Jueves,20:00,22:00,Aula Postgrado
Profesorado en Trabajo Social,2do Año,-,Diseño y Planeamiento del Curriculum,-,Teo-Prac,Lunes,18:00,20:00,KARAKACHOFF
Profesorado en Trabajo Social,3er Año,-,Educación en Entornos Virtuales,-,Teo-Prac,Viernes,18:00,21:00,Virtual
Profesorado en Trabajo Social,3er Año,-,Prácticas Educativas en Perspectivas de Inclusión,-,Teórico,Miércoles,16:00,18:00,Aula 6
Profesorado en Trabajo Social,3er Año,-,Prácticas Educativas en Perspectivas de Inclusión,-,Práctico,Miércoles,14:00,16:00,Aula 6
Profesorado en Trabajo Social,3er Año,-,Prácticas Educativas en Perspectivas de Inclusión,-,Práctico,Miércoles,18:00,20:00,Aula 11
Tecn. en Gestión Com. del Riesgo,1er Año,711,"Estado, Territorio y Problemática Social",Luciana Ponziani,Teo-Prac,Jueves,17:00,19:00,-
Tecn. en Gestión Com. del Riesgo,1er Año,711,"Estado, Territorio y Problemática Social",Luciana Ponziani,Taller,Jueves,19:00,22:00,-
Tecn. en Gestión Com. del Riesgo,1er Año,712,Gestión del Riesgo y Matrices de Desarrollo,Diotto Pablo,Teórico,Lunes,17:00,19:00,-
Tecn. en Gestión Com. del Riesgo,1er Año,712,Gestión del Riesgo y Matrices de Desarrollo,Diotto Pablo,Práctico,Lunes,19:00,21:00,-
Tecn. en Gestión Com. del Riesgo,1er Año,713,"Riesgo, Conflictos Territoriales y Cambio Climático",Bruno Carpinetti,Teo-Prac,Miércoles,18:00,21:00,-
Tecn. en Gestión Com. del Riesgo,1er Año,717,Educación Popular y Organización Comunitaria,Mariano Ferrer,Teo-Prac,Martes,17:00,21:00,-
Tecn. en Gestión Com. del Riesgo,1er Año,-,Derechos Humanos y Territorio,-,Teórico,Miércoles,18:00,22:00,Aula 6
Tecn. en Gestión Com. del Riesgo,1er Año,-,Derechos Humanos y Territorio,-,Práctico,Miércoles,20:00,22:00,Aula 6
Tecn. en Gestión Com. del Riesgo,1er Año,-,Planificación y Gestión Socio-Estatal,-,Teo-Prac,Martes,16:00,20:00,Aula 6
Tecn. en Gestión Com. del Riesgo,1er Año,-,Dinámicas Naturales y Eventos Extremos en Argentina,-,Teo-Prac,Viernes,17:00,21:00,Aula 9
Tecn. en Gestión Com. del Riesgo,2do Año,721,Intervención Social I,Viscardi María Laura,Teo-Prac,Martes,17:00,21:00,Aula 8
Tecn. en Gestión Com. del Riesgo,2do Año,-,Gestión del Riesgo II,-,Teo-Prac,Martes,17:00,21:00,Aula 8
Tecn. en Gestión Com. del Riesgo,2do Año,-,Metodología de la Investigación y Prod. del Conocimiento,-,Teórico,Jueves,18:00,20:00,Aula 6
Tecn. en Gestión Com. del Riesgo,2do Año,-,Metodología de la Investigación y Prod. del Conocimiento,-,Práctico,Jueves,20:00,22:00,Aula 6
Tecn. en Gestión Com. del Riesgo,2do Año,-,Producción de Estrategias de Comunicación y Ed.,-,Teo-Prac,Lunes,17:00,21:00,Aula 2
Tecn. en Gestión Com. del Riesgo,3er Año,-,Género e Intervención Profesional,-,Teórico,Jueves,17:00,19:00,Aula 10
Tecn. en Gestión Com. del Riesgo,3er Año,-,Género e Intervención Profesional,-,Práctico,Jueves,19:00,21:00,Aula 10
Tecn. en Gestión Com. del Riesgo,3er Año,-,Abordaje Psicosocial en Situaciones Complejas,-,Teo-Prac,Viernes,17:00,21:00,Aula 8
Tecn. en Gestión Com. del Riesgo,3er Año,-,Seguridad Humana y Procesos Comunitarios,-,Teo-Prac,Miércoles,17:00,21:00,KARAKACHOFF
